full_name,diameter,profit,price,dv,class,spec
162998 (2001 SK162),0.875,148518.8733,726094.4661,5.597912,APO,T
422686 (2000 AC6),0.176,148811.8865,1300404.531,7.31655,ATE,Q
96177 (1984 BC),3.4,610347.4187,8164927.05,10.340197,OMB,D
401857 (2000 PG3),4.2,1072100.674,15390879.18,11.204725,APO,D
6489 Golevka (1991 JX),0.53,5027750.863,35511423.33,6.44078,APO,Q
219071 (1997 US9),0.657,6014333.116,67645136.8,8.942975,APO,Q
2872 Gentelec (1981 RU),13.629,41680065.6,525905281.5,9.772708,MBA,D
101955 Bennu (1999 RQ36),0.492,185002121.9,669957009.3,5.095923,APO,B
8513 (1991 PK11),14.968,55731102.35,696637552,9.686237,MBA,D
1862 Apollo (1932 HA),1.5,88356037.91,805034046.5,7.484202,APO,Q
2857 NOT (1942 DA),9.313,72920998.93,875462960.8,9.34264,MBA,T
152931 (2000 EA107),1.646,61219710.1,1063726462,13.754901,ATE,Q
2102 Tantalus (1975 YA),1.649,35860263.32,1069553314,23.459713,APO,Q
3552 Don Quixote (1983 SA),19,92380205.29,1424873668,11.914464,AMO,D
4744 Rovereto (1988 RF5),19.189,113550744.2,1467819275,10.003887,MBA,D
3753 Cruithne (1986 TO),2.071,117686511.8,2118755132,14.237217,ATE,Q
86039 (1999 NC43),2.22,307191210.4,2609752932,7.130602,APO,Q
152563 (1992 BF),0.272,357666117.4,2903329274,6.982428,ATE,Xc
2569 Madeline (1980 MA),26.004,284510871.5,3652885251,9.950513,MBA,D
2929 Harris (1982 BK1),16.176,305673829.2,4587566604,11.565216,MBA,T
4660 Nereus (1982 DB),0.33,1388597662,4714378513,4.986974,APO,Xe
3311 Podobed (1976 QM1),17.336,428561468.8,5646972369,10.189554,MBA,T
2375 Radek (1975 AA),32.744,514604116,7293076224,10.926561,MBA,D
3248 Farinella (1982 FK),36.553,723178068.4,10145761221,10.812482,OMB,D
944 Hidalgo (1920 HZ),38,576083426.8,11398989342,15.188475,CEN,D
85990 (1999 JV6),0.451,1594877329,12034062278,6.700301,APO,Xk
1236 Thais (1931 VX),22.34,1007432070,12084215850,9.338055,MBA,T
2208 Pushkin (1977 QL3),40.85,961238306.6,14160928837,11.327803,OMB,D
1542 Schalen (1941 QE),42.374,1178170745,15805707640,10.350486,MBA,D
153201 (2000 WO107),0.51,725986543.3,17401759306,18.996061,ATE,X
1748 Mauderli (1966 RA),44.908,1338283364,18814240864,10.796932,OMB,D
2266 Tchaikovsky (1974 VK),46.94,1486699696,21485467779,11.12437,OMB,D
1578 Kirkwood (1951 AT),47.077,1566790547,21674141091,10.62865,OMB,D
2246 Bowell (1979 XH),48.424,1569946825,23588348768,11.528859,OMB,D
1471 Tornio (1938 SL1),28.719,1877069063,25673017017,10.578936,MBA,T
2312 Duboshin (1976 GU2),50.122,1797286286,26157771050,11.171182,OMB,D
162567 (2000 RW37),0.335,4525611906,29274984807,6.225465,APO,C
(2001 SJ262),0.34,3043377899,30605466839,7.983947,AMO,C
2311 El Leoncito (1974 TA1),53.14,2085889101,31173115450,11.482903,OMB,D
3254 Bus (1982 UM),31.104,2249299371,32615023630,11.129816,OMB,T
2271 Kiso (1976 UV5),31.229,2526252201,33009823394,10.108796,MBA,T
2813 Zappala (1981 WZ),32.04,2467689702,35648929256,11.136507,MBA,T
1144 Oda (1930 BJ),56.347,2464949708,37164470813,11.578681,OMB,D
308635 (2005 YU55),0.4,6231655748,49835891453,6.907348,APO,C
1746 Brouwer (1963 RF),62.523,3516970574,50773252240,11.084782,OMB,D
1167 Dubiago (1930 PB),63.12,3627341789,52241607069,11.081225,OMB,D
65803 Didymos (1996 GT),0.78,16412146394,62253881856,5.162008,APO,Xk
1256 Normannia (1932 PD),68.253,4428707582,66051212327,11.446696,OMB,D
368 Haidea (1893 AB),69.277,5257809550,69068937524,10.144031,MBA,D
(2002 BM26),0.84,9254827322,77753596637,7.073571,AMO,X
48603 (1995 BC2),0.844,13215877115,78869660060,6.009593,AMO,X
2674 Pandarus (1982 BC3),74.267,5319519010,85094835063,12.227544,TJN,D
721 Tabora (1911 MZ),74.791,5985178142,86908764867,11.164895,OMB,D
2893 Peiroos (1975 QD),86.884,8040682651,1.3625E+11,12.952692,TJN,D
14402 (1991 DB),0.6,26675835691,1.68196E+11,6.146024,AMO,C
2357 Phereclos (1981 AC),94.625,10884654049,1.76008E+11,12.359033,TJN,D
2363 Cebriones (1977 TJ3),95.976,8828132505,1.83655E+11,15.898684,TJN,D
2207 Antenor (1977 QH1),97.658,11727829768,1.93481E+11,12.61033,TJN,D
884 Priamus (1917 CQ),101.093,13378758649,2.14624E+11,12.263241,TJN,D
1269 Rollandia (1930 SH),104.893,16261522236,2.39748E+11,11.316257,OMB,D
4034 Vishnu (1986 PA),0.42,23251652063,2.42455E+11,8.357772,APO,O
194268 (2001 UY4),1.244,18585657413,2.52548E+11,10.701452,APO,X
10165 (1995 BL2),0.829,19860447773,2.61018E+11,10.365281,APO,L
1583 Antilochus (1950 SA),108.842,13554064521,2.67858E+11,15.10569,TJN,D
380188 (2000 WC67),1.312,32101851257,2.96268E+11,7.492442,AMO,X
2241 Alcathous (1979 WM),113.682,17631841005,3.05204E+11,13.230348,TJN,D
1143 Odysseus (1930 BH),114.624,19621527455,3.12854E+11,12.186307,TJN,D
399433 (2001 YK4),1.339,29754847958,3.14937E+11,8.371785,APO,X
1172 Aneas (1930 UA),118.02,19962450407,3.41493E+11,13.074826,TJN,D
1867 Deiphobus (1971 EA),118.22,17663777325,3.43233E+11,14.852948,TJN,D
3103 Eger (1982 BB),1.5,44759555841,4.42748E+11,7.960756,APO,Xe
911 Agamemnon (1919 FD),131.038,25593655784,4.6742E+11,13.955942,TJN,D
65679 (1989 UQ),0.918,87584018301,6.00732E+11,6.401666,ATE,B
85774 (1998 UT18),0.939,99623776831,6.44702E+11,6.221307,APO,C
570 Kythera (1905 QX),87.486,52032912744,7.25746E+11,10.735166,OMB,T
350513 (2000 BG19),1.77,74679201514,7.27449E+11,7.796833,AMO,X
773 Irmintraud (1913 TV),91.672,56476078350,8.34986E+11,11.41523,MBA,T
175706 (1996 FG3),1.196,1.81338E+11,1.33216E+12,6.607402,APO,C
5751 Zao (1992 AC),2.3,1.61918E+11,1.59612E+12,7.887991,AMO,X
2100 Ra-Shalom (1978 RA),2.3,1.30812E+11,1.75539E+12,10.648993,ATE,Xc
3317 Paris (1984 KF),118.79,94841903227,1.81681E+12,14.641298,TJN,T
624 Hektor (1907 XM),225,1.32442E+11,2.36626E+12,13.652932,TJN,D
3671 Dionysus (1984 KD),1.5,3.04028E+11,2.62441E+12,7.181451,APO,Cb
17274 (2000 LC16),3.183,4.72537E+11,4.23051E+12,7.334661,AMO,Xk
6178 (1986 DA),2.3,4.84742E+11,4.24569E+12,7.229358,AMO,M
596 Scheila (1906 UA),159.726,3.15727E+11,4.41668E+12,10.802042,MBA,T
85989 (1999 JD6),1.462,2.54722E+11,4.77188E+12,14.847421,ATE,K
4786 Tatianina (1985 PE2),3.282,4.50421E+11,5.10041E+12,8.851411,MBA,Xc
4942 Munroe (1987 DU6),3.453,4.95448E+11,5.40098E+12,8.563051,MBA,X
1943 Anteros (1973 EC),2.3,1.24911E+12,5.5743E+12,5.439653,AMO,L
2048 Dwornik (1973 QA),2.613,4.19142E+11,6.22562E+12,11.569159,IMB,M
137805 (1999 YK5),3.879,4.75649E+11,7.65671E+12,12.768465,ATE,X
3762 Amaravella (1976 QN1),3.898,6.7775E+11,7.76977E+12,8.956336,MBA,X
2001 Einstein (1973 EB),3.975,5.91002E+11,8.23937E+12,10.86622,IMB,Xe
2736 Ops (1979 OC),3.976,7.62758E+11,9.06836E+12,9.265796,MBA,Xc
3691 Bede (1982 FT),4.3,1.04474E+12,1.14708E+13,8.661922,AMO,Xc
1025 Riema (1923 NX),4.605,8.01235E+11,1.28107E+13,12.447621,IMB,Xe
3169 Ostro (1981 LA),4.662,8.94628E+11,1.32923E+13,11.582007,IMB,Xe
2035 Stearns (1973 SC),4.824,9.70166E+11,1.47267E+13,11.834711,MCA,Xe
4548 Wielen (2538 P-L),5.22,1.69487E+12,2.05211E+13,9.428358,MBA,Xc
8201 (1994 AH2),1.859,2.11164E+12,2.10243E+13,7.952142,APO,O
405058 (2001 TX16),5.6,2.13935E+12,2.30381E+13,8.433506,OMB,X
25330 (1999 KV4),3.21,3.73397E+12,2.56843E+13,6.383857,APO,B
3958 Komendantov (1953 TC),6.084,2.86051E+12,3.24906E+13,8.868494,MBA,Xc
4686 Maisica (1979 SX2),3.477,2.8702E+12,3.26412E+13,8.884587,MBA,B
2086 Newell (1966 BC),6.096,2.72947E+12,3.26832E+13,9.319573,MBA,Xc
11066 Sigurd (1992 CC1),2.778,2.02258E+12,3.27374E+13,12.715554,APO,K
276049 (2002 CE26),3.5,1.70294E+12,3.33862E+13,15.275389,APO,C
3288 Seleucus (1982 DV),2.8,5.01712E+12,3.35214E+13,6.28914,AMO,K
4297 Eichhorn (1938 HE),3.668,3.45074E+12,3.83747E+13,8.708535,MBA,Cb
1103 Sequoia (1928 VB),6.692,3.12055E+12,3.93143E+13,9.835305,IMB,Xk
53319 (1999 JM8),7,4.57659E+12,4.49963E+13,7.858447,APO,X
16064 Davidharvey (1999 RH27),4.106,6.14237E+12,5.39038E+13,7.238176,AMO,C
4256 Kagamigawa (1986 TX),7.476,5.08957E+12,6.02834E+13,9.227358,MBA,Xc
4845 Tsubetsu (1991 EC1),7.847,5.12437E+12,6.3386E+13,9.613348,MBA,X
3192 A'Hearn (1982 BY1),4.361,5.73854E+12,6.45833E+13,8.799344,MBA,C
4276 Clifford (1981 XA),4.441,5.34064E+12,6.81082E+13,9.947221,MCA,Cb
2762 Fowler (1981 AT),4.467,6.12895E+12,6.93115E+13,8.841566,MBA,Cb
3865 Lindbloom (1988 AY4),7.972,6.0036E+12,7.30956E+13,9.468559,MBA,Xc
3287 Olmstead (1981 DK1),5.515,6.8973E+12,7.68499E+13,8.726702,MCA,L
4839 Daisetsuzan (1989 QG),8.141,6.25179E+12,7.78436E+13,9.671732,MBA,Xc
152679 (1998 KU2),4.692,1.19545E+13,8.03214E+13,6.301917,APO,Cb
4396 Gressmann (1981 JH),4.723,7.76013E+12,8.181E+13,8.316605,MBA,B
4750 Mukai (1990 XC1),8.661,7.58888E+12,8.52289E+13,8.79647,MBA,X
2629 Rudra (1980 RB1),4.884,7.32204E+12,9.04648E+13,9.678093,MCA,B
434 Hungaria (1898 DR),8.934,6.61359E+12,9.3545E+13,11.02135,IMB,Xe
1653 Yakhontovia (1937 RA),9.01,8.85675E+12,9.59527E+13,8.495731,MBA,X
3200 Phaethon (1983 TB),5.1,5.29655E+12,1.03006E+14,15.347441,APO,B
1155 Aenna (1928 BD),9.284,8.89044E+12,1.04976E+14,9.19337,MBA,Xe
2194 Arpola (1940 GE),9.02,8.52862E+12,1.05879E+14,9.653561,MBA,Xc
3704 Gaoshiqi (1981 YX1),9.576,9.33466E+12,1.15195E+14,9.590567,MBA,Xk
3367 Alex (1983 CA3),9.607,8.82601E+12,1.16318E+14,10.192136,MBA,X
2073 Janacek (1974 DK),9.754,9.6509E+12,1.21739E+14,9.771814,MBA,X
2331 Parvulesco (1936 EA),5.713,1.3116E+13,1.45196E+14,8.667135,MBA,C
5467 (1988 AG),10.351,1.12916E+13,1.45489E+14,9.970855,MBA,X
5690 (1992 EU),5.791,9.7941E+12,1.50804E+14,11.916135,MBA,B
1580 Betulia (1950 KA),5.8,6.93499E+12,1.51931E+14,17.059994,AMO,C
4838 Billmclaughlin (1989 NJ),10.251,1.31062E+13,1.55413E+14,9.238952,MBA,Xc
3440 Stampfer (1950 DD),10.588,1.15447E+13,1.55713E+14,10.425344,MBA,X
5678 DuBridge (1989 TS),5.945,9.26096E+12,1.63613E+14,13.66444,MBA,C
5588 Jennabelle (1990 SW3),10.931,1.26874E+13,1.71341E+14,10.442106,MBA,X
4353 Onizaki (1989 WK1),11.239,1.54081E+13,1.86237E+14,9.40814,MBA,Xe
4607 Seilandfarm (1987 WR),7.482,1.62219E+13,1.91893E+14,9.223473,MBA,L
2952 Lilliputia (1979 SF2),6.341,1.79757E+13,1.98258E+14,8.644903,MBA,Cb
4332 Milton (1983 RC),11.54,1.55229E+13,2.01604E+14,10.076548,MBA,Xe
1891 Gondola (1969 RA),11.588,1.49433E+13,2.04131E+14,10.565473,MBA,X
4591 Bryantsev (1975 VZ),6.42,1.87804E+13,2.06047E+14,8.596695,MBA,Cgh
3575 Anyuta (1984 DU2),11.735,1.63584E+13,2.11998E+14,10.029982,MBA,X
7763 Crabeels (1990 UT5),7.797,1.66585E+13,2.17165E+14,10.087371,MBA,L
3007 Reaves (1979 UC),11.861,1.83762E+13,2.189E+14,9.277256,MBA,X
1931 Capek (1969 QB),6.628,1.98877E+13,2.2673E+14,8.896783,MBA,C
3137 Horky (1982 SM1),6.685,2.08385E+13,2.3263E+14,8.733675,MBA,C
4969 Lawrence (1986 TU),6.712,1.4555E+13,2.35461E+14,12.520334,MBA,C
3375 Amy (1981 JY1),6.721,2.06919E+13,2.36409E+14,8.936681,MBA,C
7245 (1991 RN10),8.078,1.87471E+13,2.41501E+14,9.96972,MBA,L
5103 Divis (1986 RP1),12.289,1.81744E+13,2.43463E+14,10.35938,MBA,X
4726 Federer (1976 SV10),8.336,2.0632E+13,2.65387E+14,9.956826,MBA,L
5294 Onnetoh (1991 CB),12.655,1.81226E+13,2.6587E+14,11.328479,MBA,X
2925 Beatty (1978 VC5),7.101,2.51176E+13,2.78818E+14,8.69021,MBA,Cgh
3579 Rockholt (1977 YA),7.226,1.82269E+13,2.92986E+14,12.442152,MBA,B
3435 Boury (1981 XC2),7.251,2.41641E+13,2.96863E+14,9.556984,MBA,C
5087 Emel'yanov (1978 RM2),13.132,2.21238E+13,2.97081E+14,10.384351,MBA,X
1251 Hedera (1933 BE),13.239,2.43611E+13,3.04402E+14,9.684174,MBA,X
2681 Ostrovskij (1975 VF2),13.297,2.52182E+13,3.08421E+14,9.484876,MBA,Xk
4737 Kiladze (1985 QO6),8.801,2.42952E+13,3.12322E+14,9.95431,MBA,L
4619 Polyakhova (1977 RB7),9.056,2.61514E+13,3.40264E+14,10.072132,MBA,L
5632 Ingelehmann (1993 GG),13.375,2.3257E+13,3.452E+14,11.470181,MBA,Xc
6354 Vangelis (1934 GA),7.641,2.28266E+13,3.46903E+14,11.758466,MBA,Cb
1592 Mathieu (1951 LA),13.855,2.80727E+13,3.48901E+14,9.639508,MBA,X
5143 Heracles (1991 VL),4.843,3.03308E+13,3.7173E+14,9.635808,APO,O
3567 Alvema (1930 VD),13.832,3.2915E+13,3.81808E+14,9.026869,MBA,Xc
4701 Milani (1986 VW6),14.462,3.19148E+13,3.96796E+14,9.637662,MBA,Xe
1998 Titius (1938 DX1),14.242,3.34797E+13,4.16776E+14,9.671018,MBA,Xc
1730 Marceline (1936 UA),15.203,3.67432E+13,4.60968E+14,9.719909,MBA,Xe
4304 Geichenko (1973 SW4),8.432,4.0083E+13,4.66825E+14,9.075765,MBA,C
1490 Limpopo (1936 LB),14.844,3.95691E+13,4.71892E+14,9.289328,MBA,Xc
3349 Manas (1979 FH2),10.259,3.73901E+13,4.94677E+14,10.234169,MBA,L
11785 Migaic (1973 AW3),15.113,3.72304E+13,4.98014E+14,10.342677,MBA,Xc
620 Drakonia (1906 WE),11.385,4.27757E+13,5.14948E+14,9.364899,MBA,M
2606 Odessa (1976 GX2),15.91,4.20705E+13,5.28315E+14,9.733938,MBA,Xk
4369 Seifert (1982 OR),16.019,4.42412E+13,5.39248E+14,9.468351,MBA,Xk
3406 Omsk (1969 DA),16.058,4.15585E+13,5.43197E+14,10.110807,MBA,X
4426 Roerich (1969 TB6),10.641,4.2607E+13,5.52019E+14,10.025667,MBA,L
2720 Pyotr Pervyj (1972 RV3),8.933,5.11571E+13,5.55078E+14,8.519839,MBA,C
2507 Bobone (1976 WB1),16.193,4.10096E+13,5.57012E+14,10.500011,MBA,Xe
12281 Chaumont (1990 WA5),16.218,4.15258E+13,5.59596E+14,10.42124,MBA,X
1858 Lobachevskij (1972 QL),10.769,4.48924E+13,5.7218E+14,9.871153,MBA,L
2567 Elba (1979 KA),15.938,4.52192E+13,5.84105E+14,9.999787,MBA,Xc
6005 (1989 BD),9.179,4.76748E+13,6.02211E+14,9.787512,MBA,C
1860 Barbarossa (1973 SK),16.8,5.09772E+13,6.22029E+14,9.478518,MBA,X
815 Coppelia (1916 YU),16.869,4.5387E+13,6.29725E+14,10.733847,MBA,Xe
1989 Tatry (1955 FG),9.399,5.31047E+13,6.46558E+14,9.47262,MBA,C
2861 Lambrecht (1981 VL2),16.576,5.35879E+13,6.57096E+14,9.526612,MBA,Xc
6500 Kodaira (1993 ET),9.487,4.38593E+13,6.63039E+14,11.708985,MCA,B
4461 Sayama (1990 EL),17.233,4.6953E+13,6.71375E+14,11.044357,MBA,X
2065 Spicer (1959 RN),16.721,5.64822E+13,6.74491E+14,9.277546,MBA,Xc
4082 Swann (1984 SW3),9.535,6.02912E+13,6.75032E+14,8.761012,MBA,Ch
2772 Dugan (1979 XE),9.595,6.01879E+13,6.85942E+14,8.907977,MBA,B
1014 Semphyra (1924 PW),17.487,5.73432E+13,7.01501E+14,9.483863,MBA,Xe
3686 Antoku (1987 EB),17.744,5.80987E+13,7.32887E+14,9.771197,MBA,X
2306 Bauschinger (1939 PM),17.764,5.65251E+13,7.35368E+14,10.067839,MBA,X
3000 Leonardo (1981 EG19),9.838,6.67842E+13,7.39389E+14,8.671936,MBA,B
4997 Ksana (1986 TM),9.86,4.37632E+13,7.4436E+14,13.147673,MBA,B
3074 Popov (1979 YE9),9.875,6.49598E+13,7.47763E+14,8.985529,MBA,B
1094 Siberia (1926 CB),17.869,5.65262E+13,7.48485E+14,10.261839,MBA,Xk
6233 Kimura (1986 CG),9.886,5.96729E+13,7.52357E+14,9.763783,MBA,Ch
1847 Stobbe (A916 CA),17.427,5.58236E+13,7.63585E+14,10.587347,MBA,Xc
5553 Chodas (1984 CM1),9.984,6.17377E+13,7.74954E+14,9.72805,MBA,Ch
10473 Thirouin (1981 EL21),7.984,6.11416E+13,7.77158E+14,9.843786,MBA,K
941 Murray (1920 HV),18.217,6.37377E+13,7.93073E+14,9.641494,MBA,X
2560 Siegma (1932 CW),17.976,6.28137E+13,8.38048E+14,10.318338,MBA,Xc
4719 Burnaby (1990 WT2),10.298,6.8183E+13,8.50395E+14,9.668615,MBA,C
2346 Lilio (1934 CB),10.42,7.65275E+13,8.80979E+14,8.984764,MBA,C
5329 Decaro (1989 YP),10.516,7.35147E+13,9.04293E+14,9.553167,MBA,Cb
3214 Makarenko (1978 TZ6),18.442,6.31097E+13,9.04927E+14,11.060076,MBA,Xc
1638 Ruanda (1935 JF),19.094,7.51653E+13,9.13216E+14,9.424831,MBA,X
3670 Northcott (1983 BN),19.166,6.85282E+13,9.23585E+14,10.422183,MBA,X
1386 Storeria (1935 PA),10.614,8.30566E+13,9.31107E+14,8.774693,MBA,Ch
2349 Kurchenko (1970 OG),18.801,6.61831E+13,9.5881E+14,11.195734,MBA,Xc
1373 Cincinnati (1935 QN),19.448,4.88952E+13,9.64956E+14,15.198236,OMB,Xk
7404 (1988 AA5),10.747,8.15692E+13,9.65204E+14,9.194039,MBA,Cb
5344 Ryabov (1978 RN),10.835,7.90207E+13,9.87732E+14,9.688684,MBA,B
4390 Madreteresa (1976 GO8),10.835,8.58166E+13,9.90488E+14,9.007753,MBA,Cgh
3985 Raybatson (1985 CX),19.631,6.80778E+13,9.92453E+14,11.257668,MBA,X
4342 Freud (1987 QO9),19.18,7.79932E+13,1.01797E+15,10.097862,MBA,Xc
4284 Kaho (1988 FL3),10.938,8.92452E+13,1.019E+15,8.920063,MBA,Ch
6283 (1980 VX1),10.995,8.32569E+13,1.03502E+15,9.633512,MBA,Ch
1352 Wawel (1935 CE),19.979,7.99593E+13,1.04617E+15,10.120498,MBA,X
4036 Whitehouse (1987 DW5),11.036,8.27564E+13,1.04664E+15,9.79158,MBA,Cg
3627 Sayers (1973 DS),11.062,8.81494E+13,1.05112E+15,9.288412,MBA,B
4944 Kozlovskij (1987 RP3),11.125,8.19461E+13,1.07067E+15,10.109272,MBA,Cb
3628 Boznemcova (1979 WD),6.914,9.78774E+13,1.08161E+15,8.649625,MBA,O
2354 Lavrov (1978 PZ3),13.341,8.5507E+13,1.08786E+15,9.851769,MBA,L
8450 Egorov (1977 QL1),11.191,8.42793E+13,1.09136E+15,10.021225,MBA,C
2085 Henan (1965 YA),13.356,8.54451E+13,1.09153E+15,9.893196,MBA,L
6906 Johnmills (1990 WC),11.211,9.01255E+13,1.09722E+15,9.449435,MBA,C
1407 Lindelof (1936 WC),20.31,9.39461E+13,1.09904E+15,9.097969,MBA,X
5492 Thoma (3227 T-1),13.398,7.63585E+13,1.10186E+15,11.151095,MBA,L
1181 Lilith (1927 CQ),20.492,9.35916E+13,1.12885E+15,9.366496,MBA,X
1420 Radcliffe (1931 RJ),20.524,8.76159E+13,1.13415E+15,10.017344,MBA,X
3256 Daguerre (1981 SJ1),20.551,8.63697E+13,1.13863E+15,10.196639,MBA,X
2559 Svoboda (1981 UH),20.884,9.22628E+13,1.19488E+15,10.021706,MBA,Xk
2996 Bowman (1954 RJ),20.381,9.18814E+13,1.22142E+15,10.27893,MBA,Xc
3710 Bogoslovskij (1978 RD6),11.625,9.07426E+13,1.22332E+15,10.429008,MBA,Cgh
3827 Zdenekhorsky (1986 VU),11.798,1.01274E+14,1.27876E+15,9.779704,MBA,C
687 Tinette (1909 HG),21.533,1.02345E+14,1.30977E+15,9.918069,MBA,X
2809 Vernadskij (1978 QW2),12.014,1.18923E+14,1.34653E+15,8.844682,MBA,B
2879 Shimizu (1932 CB1),21.762,1.02302E+14,1.35201E+15,10.223622,MBA,X
2973 Paola (1951 AJ),12.079,1.17793E+14,1.3685E+15,9.053781,MBA,B
3123 Dunham (1981 QF2),12.07,1.16707E+14,1.36925E+15,9.137248,MBA,C
6907 Harryford (1990 WE),12.137,1.10812E+14,1.39218E+15,9.735438,MBA,C
1705 Tapio (1941 SL1),12.252,1.32689E+14,1.42815E+15,8.463525,MBA,B
7817 Zibiturtle (1988 RH10),12.246,1.08872E+14,1.43003E+15,10.158486,MBA,C
5364 (1980 RC1),12.248,1.26609E+14,1.43073E+15,8.827302,MBA,C
5956 d'Alembert (1988 CF5),12.277,1.22316E+14,1.44092E+15,9.161923,MBA,C
1327 Namaqua (1934 RT),22.318,1.15531E+14,1.45831E+15,9.774776,MBA,X
3684 Berry (1983 AK),12.37,1.30101E+14,1.47391E+15,8.859584,MBA,C
789 Lena (1914 UU),22.483,1.14816E+14,1.49089E+15,10.055435,MBA,X
3262 Miune (1983 WB),22.627,1.0823E+14,1.51972E+15,10.832865,MBA,X
2778 Tangshan (1979 XP),12.545,1.35259E+14,1.53522E+15,8.874416,MBA,Cb
1541 Estonia (1939 CK),22,1.17261E+14,1.53623E+15,10.134328,MBA,Xc
2390 Nezarka (1980 PA1),22.81,1.217E+14,1.55689E+15,9.915196,MBA,X
8008 (1988 TQ4),12.656,1.22057E+14,1.57853E+15,10.00589,MBA,C
2316 Jo-Ann (1980 RH),12.665,1.3784E+14,1.5819E+15,8.952947,MBA,C
7081 Ludibunda (1987 QF7),10.145,1.32231E+14,1.59442E+15,9.360095,MBA,K
1740 Paavo Nurmi (1939 UA),12.762,1.42588E+14,1.61852E+15,8.862606,MBA,C
6704 (1988 CJ),10.212,1.23498E+14,1.62622E+15,10.185365,MBA,K
6230 Fram (1984 SG1),12.834,1.27044E+14,1.64607E+15,10.024325,MBA,C
1104 Syringa (1928 XA),23.244,1.51327E+14,1.64746E+15,8.532532,MBA,Xk
4107 Rufino (1989 GT),12.854,1.23085E+14,1.65378E+15,10.412845,MBA,C
2852 Declercq (1981 QU2),12.871,1.28501E+14,1.66035E+15,9.996835,MBA,Ch
2328 Robeson (1972 HW),12.895,1.39686E+14,1.66965E+15,9.310085,MBA,C
2446 Lunacharsky (1971 TS2),12.954,1.50048E+14,1.68797E+15,8.797416,MBA,B
3844 Lujiaxi (1966 BZ),15.538,1.34822E+14,1.71867E+15,9.870688,MBA,L
7402 (1987 YH),13.164,1.41772E+14,1.77634E+15,9.707204,MBA,Ch
4424 Arkhipova (1967 DB),24.019,1.27815E+14,1.81781E+15,10.991795,MBA,Xk
1715 Salli (1938 GK),24.165,1.59191E+14,1.85116E+15,9.071064,MBA,X
5576 Albanese (1986 UM1),24.332,1.4412E+14,1.8898E+15,10.143944,MBA,Xk
1923 Osiris (4011 P-L),13.461,1.54894E+14,1.8993E+15,9.529713,MBA,C
7512 Monicalazzarin (1983 CA1),13.734,1.57824E+14,2.01722E+15,9.894155,MBA,Ch
3224 Irkutsk (1977 RL6),24.9,1.62325E+14,2.02526E+15,9.665564,MBA,X
2204 Lyyli (1943 EQ),25.16,1.66132E+14,2.08937E+15,9.773667,MCA,X
5333 Kanaya (1990 UH),13.918,1.75801E+14,2.09939E+15,9.302432,MBA,Ch
5243 Clasien (1246 T-2),13.947,1.67513E+14,2.11254E+15,9.767646,MBA,C
1196 Sheba (1931 KE),25.274,1.52788E+14,2.1179E+15,10.728407,MBA,X
715 Transvaalia (1911 LX),25.458,1.53917E+14,2.16449E+15,10.868593,MBA,X
3611 Dabu (1981 YY1),14.093,1.74543E+14,2.17958E+15,9.675726,MBA,Ch
5234 Sechenov (1989 VP),14.125,1.13951E+14,2.18836E+15,14.839177,MBA,B
1222 Tina (1932 LA),25.781,1.60122E+14,2.24793E+15,10.856813,MBA,X
4265 Kani (1989 TX),14.244,1.99572E+14,2.25039E+15,8.812136,MBA,C
3090 Tjossem (1982 AN),14.345,1.60581E+14,2.2986E+15,11.029702,MBA,Cg
7110 Johnpearse (1983 XH1),14.345,1.83783E+14,2.2986E+15,9.688978,MBA,Ch
7405 (1988 FF),14.36,1.79515E+14,2.30582E+15,9.943519,MBA,Ch
2370 van Altena (1965 LA),14.386,1.84871E+14,2.31514E+15,9.706106,MBA,Cb
2279 Barto (1968 DL),14.408,2.00767E+14,2.32902E+15,9.042135,MBA,C
4584 Akan (1990 FA),14.551,1.91235E+14,2.39906E+15,9.717455,MBA,C
3587 Descartes (1981 RK5),14.594,1.80953E+14,2.42039E+15,10.348125,MBA,C
1098 Hakone (1928 RJ),26.684,1.83612E+14,2.4925E+15,10.503132,MBA,Xe
3566 Levitan (1979 YA9),14.765,2.17935E+14,2.4995E+15,8.953601,MBA,B
3744 Horn-d'Arturo (1983 VE),14.758,2.22509E+14,2.50291E+15,8.782432,MBA,Ch
6410 Fujiwara (1992 WO4),14.822,2.0439E+14,2.53561E+15,9.616272,MBA,Ch
5330 Senrikyu (1990 BQ1),14.903,1.38453E+14,2.57024E+15,14.343468,MBA,B
3730 Hurban (1983 XM1),26.996,2.05318E+14,2.58096E+15,9.739898,MBA,Xk
6509 Giovannipratesi (1983 CQ3),15.004,2.16433E+14,2.63017E+15,9.426799,MBA,Ch
3885 Bogorodskij (1979 HG5),15.049,2.02754E+14,2.6539E+15,10.126603,MBA,Cg
6782 (1990 SU10),15.057,2.02307E+14,2.65444E+15,10.147488,MBA,Cb
1414 Jerome (1937 CE),15.105,2.08082E+14,2.68364E+15,9.981572,MBA,Ch
5348 Kennoguchi (1988 BB),15.17,2.14575E+14,2.71844E+15,9.809356,MBA,Ch
2864 Soderblom (1983 AZ),15.233,2.20883E+14,2.75244E+15,9.655735,MBA,Ch
4804 Pasteur (1989 XC1),15.427,2.20633E+14,2.85895E+15,10.03305,MBA,C
4156 Okadanoboru (1988 BE),15.479,2.18267E+14,2.88796E+15,10.243652,MBA,Cgh
2598 Merlin (1980 RY),15.694,2.42994E+14,3.00998E+15,9.60122,MBA,Ch
3630 Lubomir (1984 QN),15.8,2.47557E+14,3.07138E+15,9.616218,MBA,Ch
2231 Durrell (1941 SG),15.818,2.55714E+14,3.08189E+15,9.358005,MBA,C
6716 (1990 RO1),15.818,2.33314E+14,3.08189E+15,10.214463,MBA,C
2730 Barks (1981 QH),15.83,2.42787E+14,3.08891E+15,9.853596,MBA,C
4534 Rimskij-Korsakov (1986 PV4),15.838,2.4417E+14,3.08929E+15,9.796746,MBA,Cb
2161 Grissom (1963 UD),15.857,2.45509E+14,3.10474E+15,9.795171,MBA,C
3976 Lise (1983 JM),29.049,2.30777E+14,3.2157E+15,10.770825,MBA,X
1046 Edwin (1924 UA),29.084,2.33157E+14,3.22734E+15,10.682012,MBA,Xe
2455 Somville (1950 TO4),16.099,2.47857E+14,3.24907E+15,10.143743,MBA,C
771 Libera (1913 TO),29.322,2.57589E+14,3.30722E+15,9.953028,MBA,X
4523 MIT (1981 DM1),16.366,2.61106E+14,3.41342E+15,10.122069,MBA,Ch
741 Botolphia (1913 QT),29.64,2.57115E+14,3.416E+15,10.278746,MBA,X
2582 Harimaya-Bashi (1981 SA),28.87,2.2044E+14,3.4716E+15,12.12796,OMB,Xc
1493 Sigrid (1938 QB),28.905,3.11709E+14,3.48424E+15,8.742172,MBA,Xc
5079 Brubeck (1975 DB),16.5,2.79318E+14,3.48822E+15,9.686745,MBA,B
2106 Hugo (1936 UF),16.518,2.68925E+14,3.50941E+15,10.10115,MBA,C
2081 Sazava (1976 DH),16.669,3.11262E+14,3.60654E+15,9.03285,MBA,C
5102 Benfranklin (1986 RD1),16.727,2.87679E+14,3.63418E+15,9.782661,MBA,B
2509 Chukotka (1977 NG),16.784,3.25138E+14,3.6817E+15,8.843745,MBA,C
504 Cora (1902 LK),30.438,2.86651E+14,3.6994E+15,9.995676,MBA,X
2807 Karl Marx (1969 TH6),16.866,2.94364E+14,3.73593E+15,9.826434,MBA,C
3563 Canterbury (1985 FE),16.924,2.99714E+14,3.7746E+15,9.753624,MBA,Ch
1548 Palomaa (1935 FK),30.761,2.61149E+14,3.81842E+15,11.295946,MBA,Xk
4194 Sweitzer (1982 RE),17.019,2.88135E+14,3.83318E+15,10.293467,MBA,Cb
5591 Koyo (1990 VF2),17.075,2.97976E+14,3.87114E+15,10.050729,MBA,Cb
3775 Ellenbeth (1931 TC4),17.081,3.13796E+14,3.88063E+15,9.586147,MBA,Ch
6129 Demokritos (1989 RB2),17.096,3.07184E+14,3.89086E+15,9.80682,MBA,Ch
3096 Bezruc (1981 QC1),17.122,3.05352E+14,3.90864E+15,9.919544,MBA,C
2139 Makharadze (1970 MC),17.24,3.51222E+14,3.99001E+15,8.869559,MBA,C
2382 Nonie (1977 GA),17.268,2.45105E+14,3.99833E+15,12.620443,MBA,B
5091 Isakovskij (1981 SD4),17.255,2.98769E+14,4.00043E+15,10.351924,MBA,C
5416 Estremadoyro (1978 VE5),17.443,3.34909E+14,4.13262E+15,9.566464,MBA,C
1176 Lucidor (1930 VE),17.489,3.31095E+14,4.1654E+15,9.749447,MBA,C
753 Tiflis (1913 RM),20.922,3.69453E+14,4.19581E+15,8.87883,MBA,L
5081 Sanguin (1976 WC1),17.581,3.3532E+14,4.23149E+15,9.810053,MBA,Ch
523 Ada (1904 ND),31.89,3.31781E+14,4.25448E+15,9.913374,MBA,X
3365 Recogne (1985 CG2),17.716,3.45445E+14,4.32971E+15,9.713846,MBA,C
3759 Piironen (1984 AP),32.15,3.20629E+14,4.35939E+15,10.516887,MBA,X
531 Zerlina (1904 NW),17.804,2.3885E+14,4.38233E+15,14.176794,MBA,B
1187 Afra (1929 XC),32.348,3.59975E+14,4.44043E+15,9.573476,MBA,X
6582 Flagsymphony (1981 VS),17.892,3.72505E+14,4.46004E+15,9.298655,MBA,Ch
5222 Ioffe (1980 TL13),17.989,2.38416E+14,4.52036E+15,14.64729,MBA,B
757 Portlandia (1908 EJ),32.894,3.86908E+14,4.66909E+15,9.391422,MBA,Xk
1613 Smiley (1950 SD),18.224,3.93734E+14,4.71296E+15,9.29748,MBA,Cgh
4547 Massachusetts (1990 KP),33.036,3.23407E+14,4.72982E+15,11.314638,MBA,X
4343 Tetsuya (1988 AC),18.271,3.75981E+14,4.74951E+15,9.782462,MBA,Ch
1604 Tombaugh (1931 FH),32.33,3.52126E+14,4.87536E+15,10.682646,MBA,Xc
3542 Tanjiazhen (1964 TN2),18.437,3.46458E+14,4.88015E+15,10.85502,MBA,C
9970 (1992 ST1),18.473,3.93852E+14,4.90196E+15,9.644282,MBA,Cb
3886 Shcherbakovia (1981 RU3),18.553,3.84028E+14,4.97284E+15,10.019445,MBA,C
1039 Sonneberga (1924 TL),33.853,3.9353E+14,5.08949E+15,10.013684,MBA,X
413 Edburga (1896 CL),34.242,4.15202E+14,5.26696E+15,9.849695,MBA,X
4124 Herriot (1986 SE),18.954,3.97674E+14,5.28756E+15,10.280651,MBA,B
1022 Olympiada (1924 RT),34.297,3.54217E+14,5.29238E+15,11.544271,MBA,X
1695 Walbeck (1941 UO),18.953,4.0359E+14,5.30147E+15,10.170852,MBA,Cg
1766 Slipher (1962 RF),18.959,4.09313E+14,5.3065E+15,10.032792,MBA,C
1606 Jekhovsky (1950 RH),18.981,4.68062E+14,5.325E+15,8.872843,MBA,C
3197 Weissman (1981 AD),18.984,3.90966E+14,5.32752E+15,10.547414,MBA,Cgh
872 Holda (1917 BZ),34.431,4.06907E+14,5.35466E+15,10.181724,MBA,X
860 Ursina (1917 BD),34.561,3.90059E+14,5.41554E+15,10.729821,MBA,X
731 Sorga (1912 OQ),34.597,3.97136E+14,5.43248E+15,10.5597,MBA,Xe
3796 Lene (1986 XJ),19.23,4.41747E+14,5.53733E+15,9.71504,MBA,C
2169 Taiwan (1964 VP1),19.263,4.23752E+14,5.56588E+15,10.158006,MBA,C
629 Bernardina (1907 XU),35.087,4.13024E+14,5.66658E+15,10.580345,MBA,X
3065 Sarahill (1984 CV),19.499,4.44829E+14,5.77297E+15,10.044908,MBA,Ch
3645 Fabini (1981 QZ),19.526,4.44774E+14,5.79698E+15,10.088963,MBA,C
3713 Pieters (1985 FA2),16.024,4.45193E+14,6.2829E+15,10.887026,MBA,K
961 Gunnie (1921 KM),36.571,4.78388E+14,6.41643E+15,10.377936,MBA,X
1768 Appenzella (1965 SA),20.221,5.63207E+14,6.43828E+15,8.921192,MBA,C
2708 Burns (1981 WT),20.263,4.97075E+14,6.46046E+15,10.036803,MBA,B
1502 Arenda (1938 WB),35.518,5.02914E+14,6.4645E+15,9.950691,MBA,Xc
1214 Richilde (1932 AA),36.668,4.92617E+14,6.46762E+15,10.161533,MBA,Xk
997 Priska (1923 NR),20.274,5.12228E+14,6.48904E+15,9.818893,MBA,Ch
1445 Konkolya (1938 AF),20.332,5.02537E+14,6.54489E+15,10.054809,MBA,C
1201 Strenua (1931 RK),35.825,4.99132E+14,6.63358E+15,10.28322,MBA,Xc
3345 Tarkovskij (1982 YC1),20.746,5.35307E+14,6.95289E+15,10.078442,MBA,C
3389 Sinzot (1984 DU),20.768,5.43222E+14,6.97503E+15,9.93857,MBA,C
3179 Beruti (1962 FA),20.835,5.38056E+14,7.04276E+15,10.105347,MBA,C
1012 Sarema (1924 PM),20.905,5.98841E+14,7.11398E+15,9.243769,MBA,C
627 Charis (1907 XS),38.018,5.30565E+14,7.20859E+15,10.493207,MBA,X
4157 Izu (1988 XD2),21.01,5.48383E+14,7.22172E+15,10.196592,MBA,Ch
1301 Yvonne (1934 EA),21.438,4.3245E+14,7.67211E+15,13.71713,MBA,C
396 Aeolia (1894 BL),39.242,6.41863E+14,7.9275E+15,9.574149,MBA,Xe
1080 Orchis (1927 QB),21.797,7.47195E+14,8.06404E+15,8.475859,MBA,C
1517 Beograd (1938 FD),39.524,6.15755E+14,8.09963E+15,10.178256,MBA,X
399 Persephone (1895 BP),39.566,5.58138E+14,8.12548E+15,11.225265,MBA,X
678 Fredegundis (1909 FS),39.585,6.9626E+14,8.13719E+15,9.099077,MBA,X
2934 Aristophanes (4006 P-L),21.941,5.72812E+14,8.22492E+15,11.063635,MBA,Ch
1970 Sumeria (1954 ER),21.951,6.46693E+14,8.23617E+15,9.859985,MBA,Ch
3526 Jeffbell (1984 CN),22.055,6.27122E+14,8.35379E+15,10.300088,MBA,Ch
2465 Wilson (1949 PK),22.087,6.45834E+14,8.3902E+15,10.052319,MBA,Ch
1534 Nasi (1939 BK),22.12,6.89264E+14,8.42787E+15,9.488002,MBA,Cgh
1162 Larissa (1930 AC),42.243,5.78493E+14,8.51064E+15,11.29099,OMB,P
1372 Haremari (1935 QK),26.491,6.04742E+14,8.5173E+15,10.887533,MBA,L
1882 Rauma (1941 UJ),17.766,6.16658E+14,8.56281E+15,10.714418,MBA,K
1836 Komarov (1971 OT),22.24,6.84454E+14,8.56577E+15,9.695041,MBA,Ch
1076 Viola (1926 TE),22.298,7.35247E+14,8.63297E+15,9.143442,MBA,C
2407 Haug (1973 DH),22.461,7.14584E+14,8.82368E+15,9.562594,MBA,C
750 Oskar (1913 RG),22.526,7.54152E+14,8.9005E+15,9.18954,MBA,C
826 Henrika (1916 ZO),22.556,7.3004E+14,8.93611E+15,9.496319,MBA,C
5133 Phillipadams (1990 PA),22.674,7.14299E+14,9.05184E+15,9.821065,MBA,B
1799 Koussevitzky (1950 OE),18.196,6.56995E+14,9.19973E+15,10.803174,MBA,K
1007 Pawlowia (1923 OX),18.264,7.39457E+14,9.30326E+15,9.747617,MBA,K
2147 Kharadze (1976 US),23.035,6.57253E+14,9.51759E+15,11.156872,MBA,Ch
1061 Paeonia (1925 TB),23.092,7.48502E+14,9.58842E+15,9.895368,MBA,C
844 Leontina (1916 AP),42.154,6.86666E+14,9.8265E+15,11.024614,OMB,X
668 Dora (1908 DO),23.3,8.0726E+14,9.84986E+15,9.463245,MBA,Ch
1545 Thernoe (1941 UW),18.656,8.33941E+14,9.91524E+15,9.234455,MBA,K
723 Hammonia (1911 NB),23.456,7.33855E+14,1.00E+16,10.567727,MBA,C
2428 Kamenyar (1977 RZ6),23.652,7.29016E+14,1.03E+16,10.892079,MBA,Ch
1343 Nicole (1935 FC),23.793,8.456E+14,1.05E+16,9.625409,MBA,C
1560 Strattonia (1942 XB),23.825,8.74583E+14,1.05E+16,9.35072,MBA,C
1795 Woltjer (4010 P-L),23.894,8.4577E+14,1.06E+16,9.728733,MBA,Ch
796 Sarita (1914 VH),43.58,8.32895E+14,1.09E+16,10.109959,MBA,X
1304 Arosa (1928 KC),43.613,6.99414E+14,1.09E+16,11.984966,MBA,X
2067 Aksnes (1936 DD),46.003,7.68012E+14,1.10E+16,10.987265,OMB,P
4135 Svetlanov (1966 PG),24.207,8.97565E+14,1.10E+16,9.541211,MBA,Ch
359 Georgia (1893 M),43.89,8.81323E+14,1.11E+16,9.750331,MBA,X
406 Erna (1895 CB),46.266,8.79679E+14,1.12E+16,9.831744,MBA,P
3829 Gunma (1988 EM),24.33,8.80918E+14,1.12E+16,9.856177,MBA,Ch
2244 Tesla (1952 UW1),24.377,8.86909E+14,1.13E+16,9.845464,MBA,C
1510 Charlois (1939 DC),24.507,8.75251E+14,1.15E+16,10.139914,MBA,C
460 Scania (1900 FN),19.689,9.15061E+14,1.17E+16,9.863983,MBA,K
4292 Aoba (1989 VO),24.695,8.93567E+14,1.17E+16,10.152654,MBA,C
3507 Vilas (1982 UX),24.917,9.09862E+14,1.20E+16,10.216132,MBA,Ch
507 Laodica (1903 LO),45.17,8.56941E+14,1.21E+16,10.87433,MBA,X
2724 Orlov (1978 RZ5),20.004,9.33124E+14,1.22E+16,10.122666,MBA,K
543 Charlotte (1904 OT),45.613,9.23714E+14,1.24E+16,10.401789,MBA,Xe
1726 Hoffmeister (1933 OE),25.25,9.45618E+14,1.25E+16,10.236419,MBA,Cb
1734 Zhongolovich (1928 TJ),25.62,1.06133E+15,1.31E+16,9.565744,MBA,Ch
1783 Albitskij (1935 FJ),25.642,9.99852E+14,1.31E+16,10.167244,MBA,Ch
908 Buda (1918 EX),30.749,1.03696E+15,1.33E+16,9.967736,MBA,L
2258 Viipuri (1939 TA),26.255,1.1086E+15,1.41E+16,9.846445,MBA,C
1403 Idelsonia (1936 QA),26.531,1.22009E+15,1.45E+16,9.263389,MBA,Cgh
1716 Peter (1934 GF),26.656,1.13814E+15,1.47E+16,10.029386,MBA,C
3647 Dermott (1986 AD1),26.754,1.12415E+15,1.49E+16,10.229172,MBA,B
1539 Borrelly (1940 UB),26.791,1.14791E+15,1.49E+16,10.041722,MBA,B
1461 Jean-Jacques (1937 YL),35.145,9.95924E+14,1.51E+16,11.719707,MBA,M
824 Anastasia (1916 ZH),32.457,1.20545E+15,1.57E+16,10.054235,MBA,L
853 Nansenia (1916 S28),27.593,1.35957E+15,1.64E+16,9.370644,MBA,Ch
2659 Millis (1981 JX),27.746,1.22638E+15,1.66E+16,10.430898,MBA,B
338 Budrosa (1892 F),50.506,1.22583E+15,1.69E+16,10.645146,MBA,Xk
1135 Colchis (1929 TA),50.592,1.35453E+15,1.70E+16,9.720952,MBA,Xk
642 Clara (1907 ZY),33.36,1.22303E+15,1.70E+16,10.718526,MBA,L
5438 Lorre (1990 QJ),28.072,1.11553E+15,1.72E+16,11.943513,MBA,C
1263 Varsavia (1933 FF),49.29,1.03059E+15,1.73E+16,12.965675,MBA,Xc
2957 Tatsuo (1934 CB1),22.473,1.25415E+15,1.73E+16,10.662601,MBA,K
1300 Marcelle (1934 CL),28.194,1.25035E+15,1.75E+16,10.78541,MBA,Cg
2816 Pien (1982 SO),28.256,1.40584E+15,1.75E+16,9.65876,MBA,B
973 Aralia (1922 LR),51.609,1.19991E+15,1.80E+16,11.575464,OMB,Xk
1234 Elyna (1931 UF),22.876,1.32135E+15,1.83E+16,10.674599,MBA,K
821 Fanny (1916 ZC),28.856,1.53268E+15,1.87E+16,9.467618,MBA,Ch
572 Rebekka (1905 RB),28.903,1.55049E+15,1.88E+16,9.434025,MBA,C
547 Praxedis (1904 PB),52.462,1.39707E+15,1.89E+16,10.489211,MBA,Xk
1702 Kalahari (A924 NC),34.645,1.43292E+15,1.91E+16,10.27758,MBA,L
996 Hilaritas (1923 NM),29.128,1.45214E+15,1.92E+16,10.199711,MBA,B
1615 Bardwell (1950 BW),29.139,1.47679E+15,1.92E+16,10.044046,MBA,B
614 Pia (1906 VQ),29.191,1.50947E+15,1.94E+16,9.937419,MBA,C
759 Vinifera (1913 SJ),52.926,1.38207E+15,1.94E+16,10.894691,MBA,X
2251 Tikhov (1977 SU1),29.488,1.57542E+15,1.99E+16,9.80499,MBA,Cb
564 Dudu (1905 QM),52.01,1.51496E+15,2.03E+16,10.372821,MBA,Xc
3037 Alku (1944 BA),29.876,1.47086E+15,2.08E+16,10.923588,MBA,C
1428 Mombasa (1937 NO),52.464,1.44749E+15,2.08E+16,11.120606,MBA,Xc
2444 Lederle (1934 CD),29.925,1.50433E+15,2.09E+16,10.72708,MBA,C
1650 Heckmann (1937 TG),30.202,1.86897E+15,2.15E+16,8.955338,MBA,C
417 Suevia (1896 CT),54.874,1.68216E+15,2.17E+16,9.971004,MBA,Xk
838 Seraphina (1916 AH),58.095,1.63604E+15,2.21E+16,10.452656,MBA,P
1815 Beethoven (1932 CE1),30.598,1.7105E+15,2.23E+16,10.066402,MBA,C
458 Hercynia (1900 FK),36.698,1.70832E+15,2.26E+16,10.241931,MBA,L
706 Hirundo (1910 KX),30.819,1.71157E+15,2.28E+16,10.306812,MBA,Cgh
418 Alemannia (1896 CV),40.33,1.83191E+15,2.29E+16,9.692382,MBA,M
3687 Dzus (A908 TC),30.932,1.7062E+15,2.30E+16,10.451891,MBA,Ch
555 Norma (1905 PT),31.04,1.73553E+15,2.32E+16,10.319254,MBA,B
1936 Lugano (1973 WD),31.037,1.79388E+15,2.33E+16,10.050274,MBA,Ch
880 Herba (1917 CK),31.141,1.80346E+15,2.35E+16,10.085297,MBA,C
497 Iva (1902 KJ),40.932,2.04314E+15,2.39E+16,9.103741,MBA,M
755 Quintilla (1908 CZ),41.21,1.81383E+15,2.44E+16,10.382399,MBA,M
3642 Frieden (1953 XL1),31.899,1.79801E+15,2.53E+16,10.862733,MBA,C
3971 Voronikhin (1979 YM8),31.996,1.90109E+15,2.55E+16,10.372405,MBA,Ch
3028 Zhangguoxi (1978 TA2),25.58,1.78997E+15,2.56E+16,11.013421,MBA,K
2448 Sholokhov (1975 BU),38.519,1.79443E+15,2.62E+16,11.273956,MBA,L
1277 Dolores (1933 HA),32.587,2.24733E+15,2.69E+16,9.301029,MBA,Cb
798 Ruth (1914 VT),43.19,1.97715E+15,2.81E+16,10.967676,MBA,M
1351 Uzbekistania (1934 TF),60.01,1.96875E+15,2.84E+16,11.093678,MBA,Xk
2379 Heiskanen (1941 ST),33.157,2.28519E+15,2.84E+16,9.605691,MBA,C
1360 Tarka (1935 OD),33.316,1.9538E+15,2.88E+16,11.406149,MBA,Ch
2906 Caltech (1983 AE2),58.678,1.57177E+15,2.91E+16,14.284317,MBA,Xc
671 Carnegia (1908 DV),60.604,2.07774E+15,2.92E+16,10.835954,MBA,Xk
919 Ilsebill (1918 EQ),33.5,2.20065E+15,2.93E+16,10.287673,MBA,C
1071 Brita (1924 RE),60.862,2.27891E+15,2.96E+16,10.038961,MBA,Xk
2040 Chalonge (1974 HA),33.901,2.13847E+15,3.03E+16,10.940629,MBA,Ch
581 Tauntonia (1905 SH),61.481,1.81722E+15,3.05E+16,12.917446,OMB,Xk
792 Metcalfia (1907 ZC),61.804,2.44327E+15,3.10E+16,9.82591,MBA,X
643 Scheherezade (1907 ZZ),64.997,2.02969E+15,3.10E+16,11.751941,OMB,P
1148 Rarahu (1929 NA),27.512,2.27757E+15,3.18E+16,10.772284,MBA,K
1930 Lucifer (1964 UA),34.437,2.27484E+15,3.18E+16,10.796002,MBA,Cgh
1284 Latvia (1933 OP),41.128,2.50175E+15,3.19E+16,9.874517,MBA,L
1903 Adzhimushkaj (1972 JL),27.642,2.24711E+15,3.23E+16,11.070807,MBA,K
931 Whittemora (1920 GU),45.298,2.40412E+15,3.24E+16,10.409078,MBA,M
965 Angelica (1921 KT),60.857,2.1913E+15,3.25E+16,11.446241,MBA,Xc
930 Westphalia (1920 GS),34.922,2.52825E+15,3.32E+16,10.178111,MBA,Ch
560 Delila (1905 QF),35.334,2.6813E+15,3.43E+16,9.892566,MBA,B
1427 Ruvuma (1937 KB),35.406,2.76054E+15,3.46E+16,9.702548,MBA,C
1911 Schubart (1973 UD),67.476,2.41601E+15,3.47E+16,11.020517,OMB,P
1963 Bezovec (1975 CB),35.536,2.34559E+15,3.49E+16,11.5509,MBA,C
337 Devosa (1892 E),64.549,2.97096E+15,3.53E+16,9.249095,MBA,X
1424 Sundmania (1937 AJ),64.691,2.46614E+15,3.55E+16,11.09454,MBA,X
1655 Comas Sola (1929 WG),35.943,2.89682E+15,3.61E+16,9.647462,MBA,B
1330 Spiridonia (1925 DB),68.417,2.37476E+15,3.62E+16,11.728692,MBA,P
441 Bathilde (1898 ED),65.131,2.70472E+15,3.62E+16,10.359219,MBA,Xk
516 Amherstia (1903 MG),65.144,2.92591E+15,3.63E+16,9.61804,MBA,X
1692 Subbotina (1936 QD),36.075,2.9005E+15,3.66E+16,9.759505,MBA,Cg
1032 Pafuri (1924 SA),65.658,2.69285E+15,3.71E+16,10.633708,MBA,X
1331 Solvejg (1933 QS),36.824,2.9935E+15,3.88E+16,10.00314,MBA,B
604 Tekmessa (1906 TK),64.536,2.9697E+15,3.88E+16,10.079864,MBA,Xc
1294 Antwerpia (1933 UB1),37.199,3.30409E+15,4.01E+16,9.418599,MBA,C
347 Pariana (1892 Q),48.615,3.13198E+15,4.01E+16,9.923294,MBA,M
336 Lacadiera (1892 D),67.513,3.50842E+15,4.04E+16,8.98915,MBA,Xk
2378 Pannekoek (1935 CY),37.702,2.98424E+15,4.17E+16,10.800169,MBA,Cgh
1794 Finsen (1970 GA),38.05,2.97316E+15,4.29E+16,11.122659,MBA,C
877 Walkure (1915 S7),38.41,3.76325E+15,4.41E+16,9.131243,MBA,C
1724 Vladimir (1932 DC),38.476,3.19468E+15,4.42E+16,10.706281,MBA,B
783 Nora (1914 UL),38.719,4.02301E+15,4.52E+16,8.791035,MBA,C
1639 Bower (1951 RB),38.855,3.6854E+15,4.57E+16,9.619415,MBA,C
746 Marlu (1913 QY),74.274,3.23617E+15,4.63E+16,11.027444,MBA,P
718 Erida (1911 MS),70.911,3.58751E+15,4.68E+16,10.071059,MBA,X
578 Happelia (1905 RZ),69.29,3.88538E+15,4.80E+16,9.576495,MBA,Xc
1603 Neva (1926 VH),39.564,3.64591E+15,4.82E+16,10.231594,MBA,Ch
1266 Tone (1927 BD),75.47,3.05531E+15,4.85E+16,12.220621,OMB,P
1017 Jacqueline (1924 QL),40.152,3.90705E+15,5.04E+16,9.996524,MBA,C
499 Venusia (1902 KX),77.328,3.69985E+15,5.22E+16,10.833672,OMB,P
1484 Postrema (1938 HC),40.871,3.84264E+15,5.30E+16,10.672484,MBA,B
634 Ute (1907 ZN),74.017,3.87441E+15,5.32E+16,10.596013,MBA,X
515 Athalia (1903 ME),41.19,4.15918E+15,5.43E+16,10.08594,MBA,Cb
781 Kartvelia (1914 UF),72.927,3.58035E+15,5.60E+16,12.036712,OMB,Xc
688 Melanie (1909 HH),41.614,4.31642E+15,5.61E+16,10.065731,MBA,C
1512 Oulu (1939 FE),79.222,3.81444E+15,5.61E+16,11.294703,OMB,P
626 Notburga (1907 XO),73.236,3.76566E+15,5.67E+16,11.654631,MBA,Xc
1754 Cunningham (1935 FE),79.52,3.76546E+15,5.68E+16,11.572067,OMB,P
1128 Astrid (1929 EB),41.851,4.34138E+15,5.71E+16,10.167918,MBA,C
729 Watsonia (1912 OD),50.025,3.8904E+15,5.74E+16,11.392089,MBA,L
558 Carmen (1905 QB),54.811,4.1434E+15,5.75E+16,10.707277,MBA,M
1212 Francette (1931 XC),76.395,4.03708E+15,5.85E+16,11.122936,OMB,X
1082 Pirola (1927 UC),42.607,4.62476E+15,6.02E+16,10.05423,MBA,C
613 Ginevra (1906 VP),81.344,4.42345E+15,6.08E+16,10.606839,MBA,P
701 Oriola (1910 KN),42.943,4.39825E+15,6.17E+16,10.815572,MBA,C
767 Bondia (1913 SX),43.039,4.74872E+15,6.19E+16,10.064261,MBA,B
866 Fatme (1917 BQ),78.061,4.37564E+15,6.24E+16,10.99179,MBA,X
1114 Lorraine (1928 WA),75.631,4.35541E+15,6.24E+16,11.047488,MBA,Xc
1171 Rusthawelia (1930 TA),82.229,4.79738E+15,6.28E+16,10.097882,MBA,P
598 Octavia (1906 UC),78.237,4.96997E+15,6.28E+16,9.794873,MBA,X
1024 Hale (A923 YO13),43.274,4.60576E+15,6.31E+16,10.589696,MBA,Ch
383 Janina (1894 AU),43.482,4.84575E+15,6.38E+16,10.166438,MBA,B
559 Nanon (1905 QD),79.82,4.97959E+15,6.67E+16,10.364352,MBA,Xk
395 Delia (1894 BK),44.189,5.18146E+15,6.72E+16,10.032159,MBA,Ch
779 Nina (1914 UB),80.572,5.29955E+15,6.86E+16,10.033259,MBA,X
2152 Hannibal (1978 WK),44.559,4.97578E+15,6.89E+16,10.681374,MBA,Ch
1323 Tugela (1934 LD),78.295,4.5084E+15,6.92E+16,11.830056,OMB,Xc
606 Brangane (1906 VB),35.758,5.83786E+15,6.98E+16,9.298081,MBA,K
526 Jena (1904 NQ),44.84,5.24748E+15,7.00E+16,10.292937,MBA,B
1107 Lictoria (1929 FB),79.079,5.17737E+15,7.13E+16,10.622654,MBA,Xc
856 Backlunda (1916 S30),45.449,5.57439E+15,7.31E+16,10.174478,MBA,C
907 Rhoda (1918 EU),82.66,5.03932E+15,7.41E+16,11.360134,MBA,Xk
348 May (1892 R),82.82,5.33218E+15,7.45E+16,10.78573,MBA,X
1579 Herrick (1948 SB),46.925,5.61224E+15,8.05E+16,11.031027,OMB,C
1015 Christa (1924 QF),82.35,5.64573E+15,8.06E+16,10.994905,OMB,Xc
924 Toni (1919 GC),85.49,6.16104E+15,8.20E+16,10.277836,MBA,X
1271 Isergina (1931 TN),47.524,6.10237E+15,8.36E+16,10.561191,MBA,C
611 Valeria (1906 VL),57.468,6.13977E+15,8.70E+16,10.929157,MBA,L
910 Anneliese (1919 FB),48.59,6.72013E+15,8.93E+16,10.270865,MBA,Ch
785 Zwetana (1914 UN),49.46,7.50264E+15,9.41E+16,9.73213,MBA,Cb
585 Bilkis (1906 TA),49.761,7.96142E+15,9.59E+16,9.37484,MBA,C
398 Admete (1894 BN),49.771,7.71249E+15,9.60E+16,9.649823,MBA,C
382 Dodona (1894 AT),65.209,7.22842E+15,9.68E+16,10.328442,MBA,M
661 Cloelia (1908 CL),40.081,6.90929E+15,9.83E+16,10.976313,MBA,K
1390 Abastumani (1935 TA),95.849,5.97755E+15,9.94E+16,12.789237,OMB,P
448 Natalie (1899 ET),50.534,7.22821E+15,1.00E+17,10.722108,MBA,C
868 Lova (1917 BU),50.692,8.11202E+15,1.01E+17,9.691346,MBA,Ch
1268 Libya (1930 HJ),96.708,6.86454E+15,1.02E+17,11.414045,OMB,P
1180 Rita (1931 GE),97,6.99931E+15,1.03E+17,11.29758,OMB,P
743 Eugenisis (1913 QV),51.072,7.84478E+15,1.04E+17,10.224759,MBA,Ch
1173 Anchises (1930 UB),99.549,7.02303E+15,1.11E+17,12.121292,TJN,P
527 Euryanthe (1904 NR),52.627,8.7677E+15,1.13E+17,10.008246,MBA,Cb
845 Naema (1916 AS),52.677,7.95939E+15,1.14E+17,11.03642,MBA,C
1625 The NORC (1953 RB),53.317,8.34272E+15,1.18E+17,10.907727,MBA,C
1520 Imatra (1938 UY),53.435,7.98424E+15,1.19E+17,11.468596,MBA,C
363 Padua (1893 S),97,9.12343E+15,1.20E+17,10.152788,MBA,X
934 Thuringia (1920 HK),53.714,9.19312E+15,1.21E+17,10.161741,MBA,Ch
748 Simeisa (1913 RD),103.725,8.85594E+15,1.26E+17,10.923969,OMB,P
592 Bathseba (1906 TS),43.787,9.33607E+15,1.28E+17,10.596937,MBA,K
393 Lampetia (1894 BG),96.89,1.05E+16,1.31E+17,9.682368,MBA,Xc
778 Theobalda (1914 UA),55.317,9.64503E+15,1.32E+17,10.542884,MBA,C
339 Dorothea (1892 G),44.329,9.55819E+15,1.33E+17,10.737689,MBA,K
369 Aeria (1893 AE),73.767,1.04E+16,1.40E+17,10.469301,MBA,M
739 Mandeville (1913 QR),104.517,1.00E+16,1.50E+17,11.551495,MBA,X
1023 Thomana (1924 RU),58.27,1.08E+16,1.54E+17,10.94888,MBA,Cgh
764 Gedania (1913 SU),58.28,1.08E+16,1.54E+17,10.986302,MBA,C
742 Edisona (1913 QU),47.087,1.14E+16,1.59E+17,10.760465,MBA,K
1189 Terentia (1930 SG),59.246,1.19E+16,1.62E+17,10.531068,MBA,Ch
638 Moira (1907 ZQ),59.594,1.30E+16,1.65E+17,9.820005,MBA,Ch
479 Caprera (1901 HJ),60.088,1.37E+16,1.69E+17,9.557869,MBA,C
541 Deborah (1904 OO),60.147,1.26E+16,1.69E+17,10.367205,MBA,B
1041 Asta (1925 FA),60.571,1.21E+16,1.73E+17,11.003961,MBA,C
392 Wilhelmina (1894 BF),60.75,1.25E+16,1.75E+17,10.807263,MBA,Ch
971 Alsatia (1921 LF),60.867,1.33E+16,1.76E+17,10.246556,MBA,C
342 Endymion (1892 K),60.903,1.42E+16,1.76E+17,9.635077,MBA,Ch
513 Centesima (1903 LY),48.805,1.27E+16,1.78E+17,10.784477,MBA,K
397 Vienna (1894 BM),49.032,1.45E+16,1.80E+17,9.661825,MBA,K
849 Ara (1912 NY),80.756,1.22E+16,1.84E+17,11.574681,MBA,M
442 Eichsfeldia (1899 EE),62.171,1.56E+16,1.87E+17,9.357791,MBA,Ch
1048 Feodosia (1924 TP),62.218,1.37E+16,1.88E+17,10.571377,MBA,Ch
712 Boliviana (1911 LO),112.818,1.48E+16,1.88E+17,9.870108,MBA,X
653 Berenike (1907 BK),49.793,1.30E+16,1.89E+17,11.142153,MBA,K
980 Anacostia (1921 W19),74.679,1.41E+16,1.91E+17,10.472615,MBA,L
498 Tokio (1902 KU),81.83,1.57E+16,1.91E+17,9.483767,MBA,M
640 Brambilla (1907 ZW),62.667,1.30E+16,1.92E+17,11.364742,MBA,Cgh
977 Philippa (1922 LV),65.471,1.43E+16,2.19E+17,11.798605,MBA,C
1264 Letaba (1933 HG),66.04,1.39E+16,2.24E+17,12.468507,MBA,C
1086 Nata (1927 QL),66.27,1.59E+16,2.27E+17,11.011364,MBA,Ch
380 Fiducia (1894 AR),67.508,1.89E+16,2.40E+17,9.845095,MBA,C
478 Tergeste (1901 GU),80.738,1.67E+16,2.41E+17,11.147069,MBA,L
425 Cornelia (1896 DC),67.925,1.82E+16,2.44E+17,10.342722,MBA,C
735 Marghanna (1912 PY),67.976,1.91E+16,2.45E+17,9.925363,MBA,Ch
1796 Riga (1966 KB),68.167,1.45E+16,2.46E+17,13.059711,OMB,Cb
539 Pamina (1904 OL),68.356,2.03E+16,2.49E+17,9.485806,MBA,Ch
1567 Alikoski (1941 HN),69.242,1.67E+16,2.59E+17,11.921191,OMB,C
402 Chloe (1895 BW),55.421,1.99E+16,2.60E+17,10.125422,MBA,K
2892 Filipenko (1983 AX2),69.492,1.80E+16,2.61E+17,11.216207,MBA,C
429 Lotis (1897 DL),69.62,2.05E+16,2.63E+17,9.921996,MBA,C
3451 Mentor (1984 HA1),126.288,1.41E+16,2.64E+17,14.345454,TJN,X
593 Titania (1906 TT),70.145,1.99E+16,2.69E+17,10.476295,MBA,C
1262 Sniadeckia (1933 FE),71.011,1.87E+16,2.79E+17,11.494062,MBA,C
420 Bertholda (1896 CY),138.699,2.05E+16,3.01E+17,11.309278,OMB,P
569 Misa (1905 QT),72.95,2.53E+16,3.02E+17,9.29223,MBA,Cg
617 Patroclus (1906 VY),140.362,1.75E+16,3.12E+17,13.627795,TJN,P
601 Nerthus (1906 UN),75.535,2.24E+16,3.36E+17,11.569983,MBA,C
784 Pickeringia (1914 UM),75.596,2.51E+16,3.36E+17,10.339875,MBA,C
476 Hedwig (1901 GQ),138.493,2.60E+16,3.48E+17,10.386957,MBA,X
464 Megaira (1901 FV),77.056,2.79E+16,3.56E+17,9.892191,MBA,C
583 Klotilde (1905 SP),78.236,2.74E+16,3.73E+17,10.509191,MBA,C
535 Montague (1904 OC),79.299,2.98E+16,3.88E+17,10.096351,MBA,C
679 Pax (1909 FY),63.909,2.79E+16,3.99E+17,11.076847,MBA,K
551 Ortrud (1904 PM),81.113,3.18E+16,4.16E+17,10.104295,MBA,C
503 Evelyn (1903 LF),81.68,3.45E+16,4.24E+17,9.550083,MBA,Ch
912 Maritima (1919 FJ),82.675,2.95E+16,4.40E+17,11.514778,MBA,C
387 Aquitania (1894 AZ),100.51,3.39E+16,4.65E+17,10.625049,MBA,L
379 Huenna (1894 AQ),84.787,3.63E+16,4.75E+17,10.087434,MBA,C
530 Turandot (1904 NV),84.85,3.58E+16,4.76E+17,10.251615,MBA,C
795 Fini (1914 VE),85.263,3.24E+16,4.83E+17,11.514372,MBA,C
449 Hamburga (1899 EU),85.59,4.15E+16,4.88E+17,9.163148,MBA,C
366 Vincentina (1893 W),86.368,3.46E+16,5.02E+17,11.168048,MBA,Ch
365 Corduba (1893 V),86.773,3.78E+16,5.09E+17,10.41721,MBA,C
886 Washingtonia (1917 b),86.793,3.62E+16,5.09E+17,10.834465,MBA,C
445 Edna (1899 EX),87.812,3.40E+16,5.27E+17,11.942067,MBA,C
599 Luisa (1906 UJ),70.249,4.04E+16,5.29E+17,10.144502,MBA,K
1028 Lydina (1923 PG),88.526,3.73E+16,5.40E+17,11.139343,OMB,C
414 Liriope (1896 CN),88.76,3.67E+16,5.45E+17,11.417039,OMB,Cg
790 Pretoria (1912 NW),170.37,3.50E+16,5.58E+17,12.262997,OMB,P
358 Apollonia (1893 K),90.116,4.47E+16,5.70E+17,9.870352,MBA,Ch
377 Campania (1893 AN),90.346,4.42E+16,5.74E+17,10.062768,MBA,Ch
491 Carina (1902 JQ),91.176,3.75E+16,5.90E+17,12.113456,MBA,C
635 Vundtia (1907 ZS),94.415,4.55E+16,6.55E+17,11.104291,MBA,C
754 Malabar (1906 UT),94.522,3.87E+16,6.58E+17,13.114045,MBA,Ch
404 Arsinoe (1895 BY),94.97,5.17E+16,6.67E+17,10.010024,MBA,Ch
407 Arachne (1895 CC),95.07,5.16E+16,6.69E+17,10.044099,MBA,C
586 Thekla (1906 TC),95.203,4.93E+16,6.72E+17,10.510071,MBA,Ch
466 Tisiphone (1901 FX),95.495,4.24E+16,6.78E+17,12.296947,OMB,C
554 Peraga (1905 PS),95.87,6.04E+16,6.86E+17,8.871371,MBA,Ch
412 Elisabetha (1896 CK),96.056,4.82E+16,6.90E+17,11.052952,MBA,C
345 Tercidina (1892 O),96.865,5.69E+16,7.08E+17,9.678501,MBA,Ch
335 Roberta (1892 C),97.109,6.10E+16,7.11E+17,9.085439,MBA,B
409 Aspasia (1895 CE),171.012,5.43E+16,7.22E+17,10.289582,MBA,Xc
713 Luscinia (1911 LS),97.968,5.14E+16,7.32E+17,10.970601,OMB,C
373 Melusina (1893 AJ),98.695,5.12E+16,7.49E+17,11.276301,MBA,C
1021 Flammario (1924 RG),100.765,6.15E+16,7.94E+17,10.003506,MBA,B
494 Virtus (1902 JV),100.786,5.79E+16,7.97E+17,10.63128,MBA,Ch
431 Nephele (1897 DN),101.9,6.26E+16,8.22E+17,10.135793,MBA,B
814 Tauris (1916 YT),102.229,5.65E+16,8.32E+17,11.366878,MBA,C
579 Sidonia (1905 SD),85.57,6.75E+16,9.57E+17,10.931166,MBA,K
521 Brixia (1904 NB),107.227,7.91E+16,9.60E+17,9.41785,MBA,Ch
786 Bredichina (1914 UO),108.309,6.85E+16,9.89E+17,11.124125,MBA,C
405 Thia (1895 BZ),108.894,8.23E+16,1.01E+18,9.49298,MBA,Ch
895 Helio (1918 DU),109.568,6.00E+16,1.02E+18,13.103233,OMB,B
602 Marianna (1906 TE),110.444,7.63E+16,1.05E+18,10.608216,MBA,C
545 Messalina (1904 OY),112.631,7.97E+16,1.11E+18,10.748371,OMB,Cb
751 Faina (1913 RK),113.699,8.54E+16,1.14E+18,10.389141,MBA,Ch
410 Chloris (1896 CH),116.245,9.84E+16,1.22E+18,9.642452,MBA,Ch
1093 Freda (1925 LA),116.73,7.86E+16,1.24E+18,12.154643,MBA,C
791 Ani (1914 UV),116.865,8.61E+16,1.24E+18,11.125638,MBA,C
508 Princetonia (1903 LQ),117.241,8.26E+16,1.25E+18,11.70523,MBA,C
490 Veritas (1902 JP),118.803,9.22E+16,1.31E+18,10.910266,MBA,Ch
481 Emita (1902 HP),121.552,1.08E+17,1.40E+18,10.01202,MBA,Ch
375 Ursula (1893 AL),216,9.72E+16,1.45E+18,11.523683,MBA,Xc
344 Desiderata (1892 M),124.181,1.16E+17,1.49E+18,9.974053,MBA,C
388 Charybdis (1894 BA),125.754,1.13E+17,1.55E+18,10.61163,MBA,C
772 Tanete (1913 TR),126.473,8.80E+16,1.58E+18,13.798166,MBA,C
381 Myrrha (1894 AS),127.639,1.10E+17,1.62E+18,11.304318,OMB,Cb
350 Ornamenta (1892 U),128.729,1.01E+17,1.66E+18,12.702154,MBA,C
360 Carlova (1893 N),129.125,1.23E+17,1.68E+18,10.507529,MBA,C
618 Elfriede (1906 VZ),131.292,1.14E+17,1.76E+18,11.930336,MBA,C
705 Erminia (1910 KV),132.261,1.06E+17,1.80E+18,13.141601,MBA,C
426 Hippo (1897 DH),137.562,1.33E+17,2.03E+18,11.767909,MBA,C
804 Hispania (1915 WT),137.952,1.45E+17,2.04E+18,10.889396,MBA,C
489 Comacina (1902 JM),139.39,1.42E+17,2.11E+18,11.469548,MBA,C
356 Liguria (1893 G),145.503,1.97E+17,2.40E+18,9.46974,MBA,C
762 Pulcova (1913 SQ),147.343,1.71E+17,2.49E+18,11.201032,MBA,C
419 Aurelia (1896 CW),148.701,2.25E+17,2.56E+18,8.875634,MBA,C
776 Berbericia (1914 TY),151.711,1.86E+17,2.72E+18,11.300191,MBA,Cgh
444 Gyptis (1899 EL),159.331,2.44E+17,3.15E+18,10.007128,MBA,C
654 Zelinda (1908 BM),160.736,2.55E+17,3.23E+18,9.854685,MBA,Ch
386 Siegena (1894 AY),165.01,2.34E+17,3.50E+18,11.556945,MBA,C
2060 Chiron (1977 UB),166,2.27E+17,3.56E+18,11.922133,CEN,Cb
566 Stereoskopia (1905 QO),167.381,2.61E+17,3.65E+18,10.767657,OMB,C
488 Kreusa (1902 JG),168.117,2.64E+17,3.70E+18,10.790715,MBA,C
747 Winchester (1913 QZ),171.71,2.92E+17,3.94E+18,10.422885,MBA,C
372 Palma (1893 AH),173.642,2.62E+17,4.07E+18,11.98788,MBA,B
423 Diotima (1896 DB),175.859,2.91E+17,4.24E+18,11.22433,MBA,C
702 Alauda (1910 KQ),190.98,3.26E+17,5.41E+18,12.757615,MBA,B
334 Chicago (1892 L),198.77,4.01E+17,6.12E+18,11.703702,OMB,C
